date,spy_close,spy_log_return,rv20,vix,log_vix,p_normal,p_high_vol,viterbi_regime,strategy_signal
2020-01-02,296.88812255859375,0.009308404542659363,0.06431295227144304,12.470000267028807,2.523325781105642,0.9999987696035826,1.2303956836985208e-06,normal,1
2020-01-03,294.6400451660156,-0.007600950685640011,0.07242738869083601,14.020000457763675,2.640484914257205,0.9999980870252437,1.9129752827462077e-06,normal,1
2020-01-06,295.76422119140625,0.003808161451479881,0.07271385381479102,13.850000381469725,2.6282852601762876,0.9999984671260715,1.5328747372283784e-06,normal,1
2020-01-07,294.9325256347656,-0.002815983364408005,0.06969163183630067,13.789999961853031,2.6239436890389327,0.9999987611271024,1.23887209960259e-06,normal,1
2020-01-08,296.50439453125,0.005315436165157327,0.06870810559338918,13.449999809265135,2.598979091866817,0.9999985271890114,1.4728108090569207e-06,normal,1
2020-01-09,298.5148010253906,0.006757476596819614,0.06979783003081075,12.53999996185303,2.5289235321627515,0.999999387759277,6.122407418963416e-07,normal,1
2020-01-10,297.6557922363281,-0.0028817569777610623,0.07212234781324303,12.560000419616701,2.530517194449025,0.9999996851238889,3.1487635368076507e-07,normal,1
2020-01-13,299.70294189453125,0.006854031105383145,0.07027040094953425,12.31999969482422,2.511223933334612,0.9999995320741804,4.679259484462147e-07,normal,1
2020-01-14,299.2459411621094,-0.0015260094276313076,0.07119998005517732,12.390000343322756,2.516889723350716,0.9999997362756751,2.6372360212565985e-07,normal,1
2020-01-15,299.9222106933594,0.0022573623658972176,0.06872053496665649,12.420000076293949,2.5193080826481626,0.9999996650258814,3.3497375280289183e-07,normal,1
2020-01-16,302.4171142578125,0.008284094127912136,0.07245300340555952,12.31999969482422,2.511223933334612,0.9999994579976933,5.420031515586398e-07,normal,1
2020-01-17,303.35833740234375,0.0031075009704228966,0.07218429309893475,12.100000381469728,2.4932054841291187,0.9999997838749783,2.1612412609813471e-07,normal,1
2020-01-21,302.76434326171875,-0.00195998054429429,0.07320640547797126,12.850000381469727,2.5533438410275884,0.9999996058687297,3.941304746078697e-07,normal,1
2020-01-22,302.8009338378906,0.00012084766944259301,0.07280915964213149,12.909999847412108,2.5580021930391945,0.9999995697345201,4.3026541169228244e-07,normal,1
2020-01-23,303.14813232421875,0.001145966034813334,0.07282867449521244,12.979999542236326,2.5634096760090963,0.9999995088948095,4.911052072942232e-07,normal,1
2020-01-24,300.4523010253906,-0.008932562254886934,0.08180088167517582,14.560000419616701,2.678278071588368,0.9999957246182466,4.275382486561376e-06,normal,1
2020-01-27,295.63616943359375,-0.016159468375673537,0.10067708993303999,18.229999542236328,2.903068563580112,0.9998811584255167,0.00011884157407138676,normal,1
2020-01-28,298.7341613769531,0.010424544557175378,0.10712762091165884,16.280000686645504,2.7899374027516357,0.9999785463324171,2.1453668088863863e-05,normal,1
2020-01-29,298.4874572753906,-0.0008261727569466239,0.10482338760630566,16.389999389648438,2.796671355516472,0.9999960222164179,3.97778297027262e-06,normal,1
2020-01-30,299.4561767578125,0.0032401727347234188,0.10502475709312821,15.489999771118164,2.740194639652674,0.9999947685947023,5.231405524648141e-06,normal,1
2020-01-31,294.0185852050781,-0.018325105182671154,0.12035496175254926,18.840000152587894,2.935982277247362,0.9997368219503608,0.00026317804873681263,normal,1
2020-02-03,296.2027587890625,0.007401235406482709,0.12037266257890564,17.96999931335449,2.8887036625848097,0.9999473898603194,5.2610140512088394e-05,normal,1
2020-02-04,300.71734619140625,0.015126558637534777,0.1310253816131831,16.049999237060547,2.7757088020408553,0.999965596168039,3.44038325909935e-05,normal,1
2020-02-05,304.1899719238281,0.011481639508942147,0.1355006467941743,15.149999618530277,2.718000506775858,0.9999940777718452,5.922228887414617e-06,normal,1
2020-02-06,305.2135009765625,0.0033591210443722,0.13495554935529916,14.960000038146974,2.7053799750962626,0.9999986388511557,1.3611494581447827e-06,normal,1
2020-02-07,303.5868835449219,-0.005343693413062002,0.1354755157667003,15.470000267028805,2.738902681846048,0.999997729034326,2.2709661834429883e-06,normal,1
2020-02-10,305.85321044921875,0.00743744093486385,0.1366598622817615,15.03999996185303,2.710713315985326,0.9999977962039975,2.2037965615138827e-06,normal,1
2020-02-11,306.3833312988281,0.001731752177288549,0.13512879171074776,15.180000305175781,2.71997879207129,0.999998582122412,1.4178781469965596e-06,normal,1
2020-02-12,308.3572082519531,0.00642184339471681,0.136020588331079,13.739999771118166,2.6203112701361366,0.999999222898925,7.771012066878102e-07,normal,1
2020-02-13,308.0281677246094,-0.0010676455718231068,0.1362867272618826,14.149999618530272,2.649714597130255,0.9999992302494554,7.697498030565829e-07,normal,1
2020-02-14,308.52166748046875,0.0016008433806043157,0.1338081810440505,13.680000305175778,2.615934934502575,0.9999994771516415,5.228488229069794e-07,normal,1
2020-02-18,307.7266845703125,-0.002580074570627714,0.13414226280709396,14.829999923706055,2.6966521510052726,0.999998786431033,1.2135682037555473e-06,normal,1
2020-02-19,309.1979675292969,0.004769742117897967,0.1344890000293062,14.38000011444092,2.66583836025124,0.9999941323484817,5.8676511637390605e-06,normal,1
2020-02-20,307.92779541015625,-0.0041164183672009165,0.13571331683873253,15.560000419616697,2.744703545717899,0.9991293664592877,0.0008706335408005501,normal,1
2020-02-21,304.756591796875,-0.010351926698070063,0.1413872990024316,17.07999992370606,2.8379081838935654,0.9274720307066778,0.07252796929330092,normal,1
2020-02-24,294.6491394042969,-0.033728107765073206,0.1838107005502946,25.030000686645504,3.220075132876583,5.550633888936706e-06,0.9999944493656019,high_volatility,1
2020-02-25,285.72064208984375,-0.030770732987049368,0.20581910927215744,27.850000381469723,3.32683298007059,9.307015270528676e-10,0.9999999990686774,high_volatility,1
2020-02-26,284.6697082519531,-0.003684967764544837,0.20082292392088125,27.55999946594238,3.31636542676746,7.878308830601957e-06,0.999992121691432,high_volatility,0
2020-02-27,271.8847351074219,-0.04595138129566006,0.253159465040105,39.15999984741211,3.6676558137657853,3.44419791592974e-17,1.0,high_volatility,0
2020-02-28,270.7424621582031,-0.004210163597593843,0.2514484423232162,40.11000061035156,3.691625694998904,1.1135712625722704e-08,0.999999988864147,high_volatility,0
2020-03-02,282.4674072265625,0.04239512638526755,0.29712580119812904,33.41999816894531,3.5091544683780573,5.0686638892587444e-18,1.0,high_volatility,0
2020-03-03,274.379638671875,-0.02905048127351319,0.3097281347363561,36.81999969482421,3.606041167516616,3.0537957155384268e-15,1.0,high_volatility,0
2020-03-04,285.9125671386719,0.04117336476818382,0.3428921440155626,31.98999977111817,3.4654233468066336,3.185185690632011e-20,1.0,high_volatility,0
2020-03-05,276.4083251953125,-0.03380684323716511,0.35579831322519573,39.619998931884766,3.6793340143114133,1.3616311257549782e-20,1.0,high_volatility,0
2020-03-06,271.8389892578125,-0.016669271773091625,0.3568164947881874,41.939998626708984,3.736239992729591,1.9376065015042162e-16,1.0,high_volatility,0
2020-03-09,250.6099395751953,-0.08131223498091078,0.44624638022164254,54.45999908447266,3.9974664704346083,5.568809291391959e-56,1.0,high_volatility,0
2020-03-10,263.57769775390625,0.05045048786789224,0.49180646377595516,47.299999237060554,3.856510279368089,2.8607763323409024e-39,1.0,high_volatility,0
2020-03-11,250.7287139892578,-0.04997665878872504,0.5128212455547941,53.900001525878906,3.9871305062243927,2.36997591331935e-47,1.0,high_volatility,0
2020-03-12,226.73973083496094,-0.10056873438390057,0.6004542412765498,75.47000122070312,4.323735242471457,1.6468869713525187e-98,1.0,high_volatility,0
2020-03-13,246.122802734375,0.0820278100016609,0.6921546999799174,57.83000183105469,4.057507703832839,4.924480768333488e-90,1.0,high_volatility,0
2020-03-16,219.19117736816406,-0.11588630445064389,0.7829743213287899,82.69000244140622,4.415098705258881,3.96059129238337e-164,1.0,high_volatility,0
2020-03-17,231.0257568359375,0.052584900729233205,0.8201396206935068,75.91000366210939,4.329548476271455,2.1348649008563253e-106,1.0,high_volatility,0
2020-03-18,219.32823181152344,-0.051959822591513834,0.8273033547988634,76.4499969482422,4.336636892456721,1.1330253284772329e-123,1.0,high_volatility,0
2020-03-19,219.7943115234375,0.002122778226754582,0.8289039969636038,72.0,4.276666119016055,4.7291385338514816e-105,1.0,high_volatility,0
2020-03-20,210.3224334716797,-0.044050410711392644,0.8340107298108482,66.04000091552734,4.190260632915152,3.2831208860387695e-124,1.0,high_volatility,0
2020-03-23,204.9448699951172,-0.02590073456608057,0.8325821806276168,61.59000015258786,4.12049952217643,1.848763927764747e-116,1.0,high_volatility,0
2020-03-24,223.51353454589844,0.08673095335443841,0.9098496217400778,61.669998168945334,4.121797559312228,1.535655078197504e-152,1.0,high_volatility,0
2020-03-25,226.85958862304688,0.01485930430516285,0.9145413764310947,63.95000076293947,4.158101539955101,6.965542448102642e-135,1.0,high_volatility,0
2020-03-26,240.1059112548828,0.056748849116886324,0.9354245210633292,61.00000000000001,4.110873864173311,2.486948589154853e-148,1.0,high_volatility,0
2020-03-27,232.9541473388672,-0.030238481232040714,0.9392396150842284,65.54000091552732,4.182660657239654,1.2586913846191346e-155,1.0,high_volatility,0
2020-03-30,240.51953125,0.03195965560463279,0.9325915321296506,57.08000183105468,4.044453824687379,7.853223164108024e-144,1.0,high_volatility,0
2020-03-31,236.93443298339844,-0.015017848486246176,0.9297239192182242,53.540000915527344,3.980429055192082,2.092469048852386e-150,1.0,high_volatility,0
2020-04-01,226.27127075195312,-0.04604885624660961,0.920873154510245,57.06000137329101,4.044103369852844,2.3790290693522685e-160,1.0,high_volatility,0
2020-04-02,231.49258422851562,0.02281324690884125,0.9247672544512868,50.90999984741212,3.930059364917036,6.604278509134083e-143,1.0,high_volatility,0
2020-04-03,228.14654541015625,-0.014559673932466526,0.9245614700053765,46.79999923706054,3.8458831866214758,2.3273796549353005e-151,1.0,high_volatility,0
2020-04-06,243.47032165527344,0.0650068872645759,0.9181381269053009,45.2400016784668,3.811981688349307,3.452429393513547e-150,1.0,high_volatility,0
2020-04-07,243.71849060058594,0.0010187794158416405,0.8976179427009255,46.700000762939446,3.8437441810118846,6.698609644528429e-137,1.0,high_volatility,0
2020-04-08,251.8997039794922,0.033017176015962546,0.889440590895465,43.34999847412109,3.769306668027498,1.3926885753002714e-133,1.0,high_volatility,0
2020-04-09,255.73292541503906,0.015102631600465632,0.8064722160246851,41.66999816894532,3.729781401492564,6.993651165020629e-106,1.0,high_volatility,0
2020-04-13,253.3981475830078,-0.009171682195724363,0.7558508957079951,41.169998168945305,3.717709791306352,7.101917933626886e-94,1.0,high_volatility,0
2020-04-14,260.87158203125,0.029066305759218408,0.6203726385900827,37.7599983215332,3.6312502968263773,1.600339043940222e-57,1.0,high_volatility,0
2020-04-15,255.3284912109375,-0.021477346404117196,0.6064387624698008,40.84000015258788,3.709661997032701,1.1152886513706148e-57,1.0,high_volatility,0
2020-04-16,256.5602722167969,0.004812699443373398,0.5679771940410477,40.11000061035156,3.691625694998904,5.4772720402870995e-45,1.0,high_volatility,0
2020-04-17,263.4913635253906,0.02665697503934461,0.5713683399773015,38.150001525878906,3.641525797727291,5.897332563969368e-47,1.0,high_volatility,0
2020-04-20,258.84918212890625,-0.01777500773998544,0.5460209684953087,43.830001831054695,3.7803185562070047,2.806338148770364e-43,1.0,high_volatility,0
2020-04-21,250.98960876464844,-0.030834044778787203,0.5506299714754721,45.40999984741211,3.815732341749633,9.274161081413769e-48,1.0,high_volatility,0
2020-04-22,256.5602722167969,0.021952077479428032,0.4737573012394841,41.979999542236335,3.7371933034881595,1.7003282842461862e-29,1.0,high_volatility,0
2020-04-23,256.5418701171875,-7.17287966624371e-05,0.47339245973762306,41.380001068115234,3.7227976981297513,1.2111135517642015e-28,1.0,high_volatility,0
2020-04-24,260.1177062988281,0.013842357490727075,0.4355516340695999,35.93000030517578,3.5815726096190477,5.368320509259852e-24,1.0,high_volatility,0
2020-04-27,263.8682556152344,0.014315701723780865,0.4174313612045644,33.29000091552734,3.5052570790885054,5.779202979420527e-22,1.0,high_volatility,0
2020-04-28,262.6549072265625,-0.004608916082483658,0.4076031172024342,33.56999969482422,3.513632801901214,7.022562412883282e-21,1.0,high_volatility,0
2020-04-29,269.5307312011719,0.025841383533573903,0.40758756141629804,31.229999542236325,3.4413791566371685,2.224759776901837e-22,1.0,high_volatility,0
2020-04-30,267.02130126953125,-0.009353979025451577,0.36331430270718024,34.1500015258789,3.5307626306984643,2.3929435000627415e-16,1.0,high_volatility,0
2020-05-01,259.95233154296875,-0.02683016126638506,0.3793559934162161,37.18999862670899,3.6160398710106265,3.231243659647288e-21,1.0,high_volatility,0
2020-05-04,260.6693115234375,0.002754324347772613,0.37193890032874133,35.97000122070313,3.582685291644233,2.1282882371085402e-16,1.0,high_volatility,0
2020-05-05,263.0777587890625,0.009197050938562447,0.3020108734875664,33.610000610351555,3.5148236598968343,5.901541025375148e-11,0.9999999999417923,high_volatility,0
2020-05-06,261.2943115234375,-0.006802246890517608,0.30425873752213684,34.119998931884766,3.529883691318811,4.1932395635070724e-11,0.9999999999581632,high_volatility,0
2020-05-07,264.4472961425781,0.011994570620473552,0.28578210468659293,31.440000534057617,3.448080984547571,4.175841709103697e-10,0.9999999995816324,high_volatility,0
2020-05-08,268.8229064941406,0.016410849626714998,0.2865880748751302,27.97999954223633,3.3314899528769466,2.1224351111070008e-10,0.9999999997871782,high_volatility,0
2020-05-11,268.87811279296875,0.00020534199133677796,0.28344036434835523,27.569999694824226,3.3167282139665804,3.0068161080716232e-09,0.9999999969932105,high_volatility,0
2020-05-12,263.5189208984375,-0.020132993151985804,0.2770797647717535,33.040000915527344,3.4977189763624423,5.2519601882107614e-11,0.9999999999472493,high_volatility,0
2020-05-13,258.8583679199219,-0.01784410135076899,0.27353418969551935,35.279998779296875,3.5633161965381612,1.7388764913711585e-10,0.999999999825377,high_volatility,0
2020-05-14,261.9562683105469,0.011896504865130384,0.2760952120085754,32.610000610351555,3.4846190085179267,1.0849351690853194e-09,0.9999999989158823,high_volatility,0
2020-05-15,263.16046142578125,0.004586390636178675,0.25955553999784675,31.889999389648445,3.4622924618826887,2.5014528934726537e-08,0.999999974985258,high_volatility,0
2020-05-18,271.17620849609375,0.0300048598135045,0.2714497775908698,29.299999237060547,3.377587489984132,2.044206066292624e-12,0.999999999998181,high_volatility,0
2020-05-19,268.390869140625,-0.010324440510145715,0.24686934794435442,30.53000068664551,3.4187098292376317,5.396647649998167e-08,0.9999999460342238,high_volatility,0
2020-05-20,272.9503173828125,0.016845406090899857,0.24239105194599694,27.989999771118164,3.3318472953500904,2.1213021013747357e-08,0.9999999787869458,high_volatility,0
2020-05-21,271.0658874511719,-0.0069278725592737825,0.2447894441502157,29.530000686645504,3.3854067190083033,1.415059130049498e-07,0.9999998584935483,high_volatility,0
2020-05-22,271.5806884765625,0.0018973718905409063,0.24125940003455948,28.159999847412102,3.3379025258712374,4.027760117550773e-07,0.9999995972248955,high_volatility,0
2020-05-26,274.92669677734375,0.012245214614870934,0.23998393107165722,28.010000228881832,3.33256159744345,1.0193371134955336e-07,0.999999898065658,high_volatility,0
2020-05-27,279.0173645019531,0.014769513282296285,0.2426922808545806,27.620000839233402,3.318540178366135,4.5791782914929666e-08,0.9999999542087618,high_volatility,0
2020-05-28,278.5025329589844,-0.001846863911585041,0.22759360497678768,28.590000152587894,3.3530570116713276,1.1787497693089034e-06,0.9999988212500865,high_volatility,0
2020-05-29,279.7435302734375,0.00444606577805954,0.22399758100509945,27.51000022888183,3.3145495832564333,1.659148401169933e-06,0.9999983408520287,high_volatility,0
2020-06-01,280.8741455078125,0.004033468140717947,0.19571944549970713,28.229999542236325,3.340385226049894,5.714683029378864e-06,0.9999942853173286,high_volatility,0
2020-06-02,283.1999206542969,0.00824639339393326,0.19627418354627585,26.84000015258789,3.289893317788574,5.052441680127863e-06,0.9999949475586926,high_volatility,0
2020-06-03,286.9688415527344,0.013220562203537244,0.19815834436410218,25.659999847412113,3.244933353240963,2.5027752885326195e-06,0.9999974972246888,high_volatility,0
2020-06-04,286.21502685546875,-0.002630273367442882,0.19558187774543156,25.80999946594238,3.2507619930386347,1.961733392343944e-05,0.9999803826663726,high_volatility,0
2020-06-05,293.5505065917969,0.025306337771384458,0.20763454531297873,24.52000045776367,3.199489129737002,1.9758371197337722e-08,0.9999999802421373,high_volatility,0
2020-06-08,297.0987548828125,0.012014883305596958,0.20506264168429722,25.80999946594238,3.2507619930386347,2.2115225719143616e-06,0.9999977884769475,high_volatility,0
2020-06-09,294.88348388671875,-0.007484283113951674,0.20922201424518616,27.569999694824226,3.3167282139665804,3.847461983886937e-06,0.9999961525374038,high_volatility,0
2020-06-10,293.23809814453125,-0.005595407770598893,0.19207496532658974,27.569999694824226,3.3167282139665804,1.047143740839847e-05,0.9999895285621112,high_volatility,0
2020-06-11,276.3331604003906,-0.05937766001837624,0.29012792966797163,40.79000091552735,3.708436975774364,1.3711407240374508e-25,1.0,high_volatility,0
2020-06-12,279.6423645019531,0.011904276475084694,0.2901309970827401,36.0900001525879,3.58601582288268,1.0951820353095729e-10,0.9999999998908606,high_volatility,0
2020-06-15,282.25311279296875,0.009292714335607811,0.2908948802859726,34.400001525878906,3.5380566087362966,2.321214237037663e-10,0.9999999997671694,high_volatility,0
2020-06-16,287.6857604980469,0.01906454359611083,0.2800654197542476,33.66999816894532,3.5166071787906032,5.852828595950418e-11,0.9999999999417923,high_volatility,0
2020-06-17,286.4908142089844,-0.004162301517963984,0.2770278765855879,33.47000122070313,3.510649551694795,2.8641754291107064e-09,0.9999999971350917,high_volatility,0
2020-06-18,286.60107421875,0.0003847899904100724,0.27244791925750966,32.939998626708984,3.494687683058813,6.423098633171594e-09,0.9999999935771484,high_volatility,0
2020-06-19,284.9632568359375,-0.005731014958777051,0.27193473879700747,35.119998931884766,3.5587707383536116,3.586586016981333e-09,0.9999999964129529,high_volatility,0
2020-06-22,286.79119873046875,0.006394171850335854,0.2722708499947679,31.77000045776367,3.4585224626901017,5.38131067569098e-09,0.9999999946194293,high_volatility,0
2020-06-23,288.11163330078125,0.004593600235150817,0.2700680494264015,31.370000839233395,3.4458520489553246,9.029015357569955e-09,0.9999999909705366,high_volatility,0
2020-06-24,280.7622375488281,-0.025839839215659216,0.2834232242489009,33.84000015258788,3.521643539247121,1.3457415424717026e-12,0.999999999998181,high_volatility,0
2020-06-25,283.7721862792969,0.010663573825063347,0.28562988042933873,32.220001220703125,3.4725874156353305,4.964007907526054e-10,0.9999999995034159,high_volatility,0
2020-06-26,277.0321350097656,-0.024038244945353827,0.2985905124868002,34.72999954223632,3.547603853575341,3.197398557643149e-13,1.0,high_volatility,0
2020-06-29,281.1038513183594,0.014590668377978486,0.30302895041105343,31.780000686645508,3.4588371827147846,2.004982894712925e-11,0.9999999999799911,high_volatility,0
2020-06-30,284.7046813964844,0.01272825870791904,0.30504946329040233,30.430000305175778,3.4154289739376598,2.7685910633373166e-11,0.9999999999727152,high_volatility,0
2020-07-01,286.69891357421875,0.006980146055321991,0.30232639101093967,28.620000839233395,3.3541058034516236,1.24465004657557e-10,0.9999999998763087,high_volatility,0
2020-07-02,288.27783203125,0.005492126204752725,0.3027803452169656,27.680000305175785,3.3207101417746054,1.3743890358005393e-10,0.9999999998617568,high_volatility,0
2020-07-06,292.7281188964844,0.01531954670591915,0.2938090541387695,27.940000534057617,3.3300593729432615,1.0626588532652775e-10,0.9999999998944986,high_volatility,0
2020-07-07,289.70892333984375,-0.010367550073604992,0.29226567113084345,29.430000305175778,3.3820145726149287,1.6005956922252243e-10,0.9999999998399289,high_volatility,0
2020-07-08,291.92474365234375,0.007619335530449413,0.29291562826572237,28.07999992370605,3.3350575764405894,5.238815920718908e-10,0.999999999476131,high_volatility,0
2020-07-09,290.2628479003906,-0.00570915728921728,0.29294212782976187,29.260000228881832,3.376221403414324,3.7415312442818024e-10,0.9999999996252882,high_volatility,0
2020-07-10,293.2265319824219,0.010158572447109911,0.1953350305494932,27.29000091552734,3.3065203682683353,2.6907653977477995e-06,0.9999973092344411,high_volatility,0
2020-07-13,290.6875305175781,-0.008696545022353043,0.19651765559715467,32.189998626708984,3.4716558026486775,1.3342304092006087e-06,0.9999986657703436,high_volatility,0
2020-07-14,294.45458984375,0.012875885155111424,0.19869605547817915,29.520000457763675,3.3850680152391712,4.41028831086926e-07,0.9999995589715645,high_volatility,0
2020-07-15,297.1598205566406,0.00914531329877555,0.1904214971605331,27.760000228881836,3.3235961438836266,3.3735459973912363e-06,0.999996626453373,high_volatility,0
2020-07-16,296.1811218261719,-0.0032989451701735165,0.19009816561725074,27.999999999999996,3.332204510175204,1.2185390965656484e-05,0.9999878146096585,high_volatility,0
2020-07-17,297.0397644042969,0.002894851471638522,0.1900830751225763,25.680000305175778,3.2457124907055523,2.567484909940825e-05,0.9999743251504734,high_volatility,0
2020-07-20,299.44036865234375,0.008049278010882814,0.18914411865604394,24.45999908447266,3.197039092829453,2.5393430818475864e-05,0.999974606570052,high_volatility,0
2020-07-21,300.0773620605469,0.0021250202130041187,0.18857790560849258,24.840000152587887,3.2124552632081076,4.529499041055953e-05,0.9999547050101073,high_volatility,0
2020-07-22,301.78546142578125,0.0056760573489043845,0.1887942605521423,24.31999969482422,3.19129904454962,3.946653124043408e-05,0.9999605334690623,high_volatility,0
2020-07-23,298.1845703125,-0.012003714052816295,0.16649538312396386,26.079999923706055,3.261168734133071,2.3943878939476134e-05,0.9999760561215091,high_volatility,0
2020-07-24,296.2642822265625,-0.006460756909037937,0.16714984773840644,25.84000015258789,3.2519236848195052,4.7489928541636544e-05,0.9999525100719437,high_volatility,0
2020-07-27,298.4246826171875,0.0072656801195731275,0.13614990592336776,24.739999771118168,3.208421357712853,3.1106710541389056e-05,0.9999688932893785,high_volatility,0
2020-07-28,296.5320129394531,-0.006362399403152865,0.1342614774497134,25.440000534057614,3.236322759464752,4.78774096207264e-05,0.9999521225911084,high_volatility,0
2020-07-29,300.17901611328125,0.012223835015832074,0.1337713964263018,24.10000038146973,3.1822118563252286,1.3333391747028731e-05,0.9999866666091621,high_volatility,0
2020-07-30,299.10791015625,-0.0035746052537144486,0.13448079842622518,24.76000022888184,3.2092294570604114,7.574010002018954e-05,0.999924259900461,high_volatility,0
2020-07-31,301.47161865234375,0.007871466100021336,0.13553353112113795,24.45999908447266,3.197039092829453,3.350962911053834e-05,0.9999664903710546,high_volatility,0
2020-08-03,303.5674133300781,0.006927827625039357,0.1278458964316841,24.280000686645504,3.1896529944715897,3.391178568951712e-05,0.9999660882151498,high_volatility,0
2020-08-04,304.73992919921875,0.0038550161710784628,0.11956612749468842,23.760000228881836,3.168003504127518,6.33337869880063e-05,0.9999366662134492,high_volatility,0
2020-08-05,306.6327209472656,0.006191960975418756,0.11886546412542551,22.989999771118168,3.1350593288193775,8.456391344289466e-05,0.9999154360862631,high_volatility,0
2020-08-06,308.6823425292969,0.006662047735743173,0.11566036662081691,22.649999618530277,3.1201598350871125,0.00012183737538987783,0.9998781626249442,high_volatility,0
2020-08-07,308.904052734375,0.0007179893090355552,0.1128127579211726,22.209999084472656,3.100542596684933,0.00025621496996272233,0.9997437850302019,high_volatility,0
2020-08-10,309.8273620605469,0.0029845260461991586,0.10461517639569803,22.129999160766598,3.0969341161400745,0.0001661836747688841,0.9998338163243682,high_volatility,0
2020-08-11,307.2698974609375,-0.008288739586182642,0.1055916947003768,24.03000068664551,3.1793030783228886,5.6437292113816157e-05,0.9999435627079315,high_volatility,0
2020-08-12,311.5538635253906,0.013845733703935758,0.11091745722924383,22.280000686645504,3.1036894458780013,2.937813267931511e-05,0.9999706218682055,high_volatility,0
2020-08-13,310.9906311035156,-0.001809453237185793,0.11003111228286991,22.129999160766598,3.0969341161400745,0.0005295101897002253,0.9994704898104299,high_volatility,0
2020-08-14,310.9999084472656,2.9831141024779083e-05,0.1103434227105098,22.049999237060543,3.0933125672924255,0.0008226329278744435,0.9991773670714108,high_volatility,0
2020-08-17,311.98779296875,0.0031714441465070815,0.10831014072797424,21.350000381469723,3.0610517575420677,0.0009475857531967874,0.999052414246873,high_volatility,0
2020-08-18,312.66180419921875,0.0021580466716262753,0.10831049771249603,21.51000022888184,3.0685179539203564,0.0008382049837445325,0.9991617950159614,high_volatility,0
2020-08-19,311.35992431640625,-0.00417255269216589,0.10957679044921767,22.540000915527347,3.115291549229524,0.00048602383862106206,0.9995139761621936,high_volatility,0
2020-08-20,312.329345703125,0.0031086703395810504,0.09719404562033773,22.719999313354496,3.123245563630877,0.00010471538228315679,0.9998952846168909,high_volatility,0
2020-08-21,313.4373779296875,0.0035413624365917807,0.09153269242147291,22.540000915527347,3.115291549229524,3.197890355477568e-05,0.9999680210969198,high_volatility,0
2020-08-24,316.6134338378906,0.01008198942610341,0.09386419807144974,22.370000839233402,3.107720813018059,7.92545343511706e-06,0.9999920745472372,high_volatility,0
2020-08-25,317.7213439941406,0.0034931437516359247,0.08716450871439262,22.03000068664551,3.092405191982908,2.3232175000971034e-05,0.9999767678243429,high_volatility,0
2020-08-26,320.90673828125,0.0099758240898958,0.08448779867017547,23.270000457763672,3.1471649969860382,1.4735800389888455e-06,0.99999852641958,high_volatility,0
2020-08-27,321.60845947265625,0.0021842953220733495,0.08062252775879133,24.46999931335449,3.1974478493938725,2.0944078608455595e-06,0.9999979055923282,high_volatility,0
2020-08-28,323.6858215332031,0.00643851742692892,0.07977788002259467,22.959999084472656,3.1337535315764806,2.95930051399717e-06,0.999997040699613,high_volatility,0
2020-08-31,322.5132141113281,-0.0036292493311555515,0.0826089621345405,26.409999847412113,3.273742720531385,1.0114125816689893e-06,0.9999989885878334,high_volatility,0
2020-09-01,325.55084228515625,0.009374537562674352,0.08561150687008626,26.120000839233402,3.2627013365381456,1.5252589404944418e-07,0.9999998474741122,high_volatility,0
2020-09-02,330.2596435546875,0.01436049679959161,0.0937872542132623,26.56999969482422,3.2797827482859945,3.772607968728857e-08,0.9999999622741604,high_volatility,0
2020-09-03,318.8939514160156,-0.035020536935257356,0.16560586796990107,33.59999847412109,3.5145260215560947,9.774391081355845e-11,0.9999999999017746,high_volatility,0
2020-09-04,316.29034423828125,-0.008198004192827884,0.16923946927469424,30.749999999999996,3.4258899942525267,3.8290972821059956e-06,0.9999961709018503,high_volatility,0
2020-09-08,307.6483459472656,-0.027703205857808017,0.1975858199854169,31.45999908447265,3.448716868528817,3.936762416084481e-09,0.9999999960637069,high_volatility,0
2020-09-09,313.72357177734375,0.01955485675777618,0.2072370246004125,28.809999465942386,3.3607225305592063,3.818075286654239e-08,0.9999999618194132,high_volatility,0
2020-09-10,308.2762756347656,-0.0175158737944516,0.21139095483564277,29.709999084472656,3.391483658659055,1.8999440568936437e-07,0.9999998100047559,high_volatility,0
2020-09-11,308.4331359863281,0.0005087010251160013,0.21136484022519184,26.8700008392334,3.2910104538604994,5.809925170905626e-06,0.9999941900755923,high_volatility,0
2020-09-14,312.4955749511719,0.013085228170106687,0.21673947551820713,25.85000038146973,3.2523106157114876,9.144543026733375e-07,0.9999990855453322,high_volatility,0
2020-09-15,314.0743408203125,0.005039403171266039,0.21717556042805589,25.590000152587894,3.2422016561344913,4.548387935616853e-06,0.9999954516127885,high_volatility,0
2020-09-16,312.82794189453125,-0.00397637910227098,0.21758318985068442,26.04000091552734,3.259633852498868,4.62670127465332e-06,0.999995373298378,high_volatility,0
2020-09-17,310.0766296386719,-0.008833873673944052,0.21939787344949857,26.45999908447266,3.2756341240863804,1.993409204131064e-06,0.9999980065915084,high_volatility,0
2020-09-18,306.5068054199219,-0.011579500531327688,0.2226254971115882,25.82999992370606,3.251536604154054,9.91047007084045e-07,0.9999990089532184,high_volatility,0
2020-09-21,303.095458984375,-0.011192156737870199,0.22482323526952708,27.78000068664551,3.3243163620434584,5.872603899844115e-07,0.9999994127394435,high_volatility,0
2020-09-22,306.1823425292969,0.010133013052879078,0.22485870261880145,26.860000610351562,3.29063821381853,7.467869514891959e-07,0.9999992532123603,high_volatility,0
2020-09-23,299.0816955566406,-0.02346404974189622,0.23668987276326192,28.579999923706055,3.352707169832234,2.415175459050793e-09,0.9999999975843821,high_volatility,0
2020-09-24,299.8788146972656,0.002661676680112828,0.23275346813228712,28.510000228881836,3.3502549109527053,7.257298359205438e-07,0.999999274270785,high_volatility,0
2020-09-25,304.7268981933594,0.01603751768687744,0.2421573178205449,26.3799991607666,3.272606115475923,4.7156438197363504e-08,0.9999999528427008,high_volatility,0
2020-09-28,309.788330078125,0.016473298337497486,0.2496806164895771,26.190000534057614,3.265377678911282,2.185589882856214e-08,0.9999999781448425,high_volatility,0
2020-09-29,308.1012268066406,-0.005460870620942774,0.24990479085008838,26.27000045776367,3.268427621122788,1.746139530465965e-07,0.9999998253861274,high_volatility,0
2020-09-30,310.4372253417969,0.007553320681275947,0.2488591655801752,26.370000839233406,3.272227032190504,1.7810059544360608e-07,0.9999998218991254,high_volatility,0
2020-10-01,312.43017578125,0.0063992985889720294,0.24329995380070285,26.700000762939457,3.284663593980715,3.3307051086207414e-07,0.9999996669303628,high_volatility,0
2020-10-02,309.4638671875,-0.009539667160534036,0.21349582944590337,27.629999160766605,3.318902108561333,1.9659138906674872e-06,0.9999980340854788,high_volatility,0
2020-10-05,314.9515380859375,0.017577440093640977,0.22219936045892733,27.95999908447265,3.3307748846214262,6.496970844663904e-08,0.9999999350311576,high_volatility,0
2020-10-06,310.4742736816406,-0.014317736190245034,0.20461895036384817,29.479999542236325,3.3837120517931956,7.420043863673521e-07,0.9999992579962989,high_volatility,0
2020-10-07,315.8786315917969,0.017257019115767217,0.201919240885202,28.059999465942376,3.3343450556416125,1.6972740758409972e-07,0.9999998302719322,high_volatility,0
2020-10-08,318.6780700683594,0.008823345907170476,0.1924460972658254,26.360000610351566,3.2718477327887663,6.334928137327776e-06,0.9999936650711447,high_volatility,0
2020-10-09,321.5238952636719,0.008890456743181894,0.19407444075969923,24.999999999999996,3.2188758248682006,1.0566459776956936e-05,0.9999894335409233,high_volatility,0
2020-10-12,326.6963806152344,0.015959374707284552,0.19648955323177938,25.069999694824222,3.221671899997255,1.4302118167022993e-06,0.9999985697878624,high_volatility,0
2020-10-13,324.5643615722656,-0.006547382703044311,0.1985794854997742,26.06999969482422,3.2607852162393964,1.2542845205199426e-05,0.9999874571553755,high_volatility,0
2020-10-14,322.5250244140625,-0.006303128915951665,0.19962173245992126,26.399999618530277,3.2733639957026597,1.174327280139269e-05,0.9999882567279331,high_volatility,0
2020-10-15,322.12652587890625,-0.0012363224310363392,0.1961840743985322,26.969999313354496,3.294725111692035,1.429106141172332e-05,0.9999857089390208,high_volatility,0
2020-10-16,321.9317932128906,-0.0006047050901359124,0.1899469121480506,27.409999847412106,3.310907904747825,1.4254275966851567e-05,0.9999857457239185,high_volatility,0
2020-10-19,317.0372619628906,-0.015320388193080882,0.1943939736956235,29.180000305175778,3.373483553553028,1.1495212241861216e-06,0.9999988504793932,high_volatility,0
2020-10-20,318.3072509765625,0.0039978017572034905,0.19230221542283443,29.35000038146973,3.3792925592713705,4.1682685699057546e-06,0.9999958317308044,high_volatility,0
2020-10-21,317.7047119140625,-0.001894741853670263,0.16824395846726917,28.649999618530273,3.355153429845924,1.2551861294625993e-05,0.9999874481387582,high_volatility,0
2020-10-22,319.4474792480469,0.005470503607730977,0.16845984265886244,28.110000610351562,3.3361254066314094,8.235417005736189e-06,0.9999917645830335,high_volatility,0
2020-10-23,320.531982421875,0.0033891844250750797,0.16147485737426026,27.549999237060543,3.316002507906021,1.3416536562509796e-05,0.9999865834642686,high_volatility,0
2020-10-26,314.608642578125,-0.01865259864252069,0.16919507850965704,32.459999084472656,3.480008533881659,2.795723765031428e-07,0.9999997204268247,high_volatility,0
2020-10-27,313.5240478515625,-0.003453397095834515,0.16836224515580195,33.349998474121094,3.5070577266081413,1.4862604800678974e-06,0.9999985137394236,high_volatility,0
2020-10-28,302.80810546875,-0.03477677519570093,0.20837760277453762,40.27999877929687,3.695855037544921,5.908872537288448e-12,0.999999999994543,high_volatility,0
2020-10-29,305.88568115234375,0.010112151548584171,0.2105889534160318,37.59000015258788,3.6267380616353546,2.8382315793031388e-08,0.9999999716183088,high_volatility,0
2020-10-30,302.6968688964844,-0.01047956908675914,0.21111677452674912,38.020000457763665,3.6381123491003584,1.0348839279697781e-07,0.9999998965122412,high_volatility,0
2020-11-02,306.08953857421875,0.01114579681247145,0.20470479660579521,37.130001068115234,3.6144252969558948,2.743936258597979e-08,0.9999999725605452,high_volatility,0
2020-11-03,311.49395751953125,0.01750227115805326,0.20923936168497625,35.549999237060554,3.5709401347882244,4.76764959517717e-09,0.9999999952324288,high_volatility,0
2020-11-04,318.45562744140625,0.022103207983006076,0.21511478174183918,29.569999694824215,3.386760323543933,6.4102753908743715e-09,0.9999999935898813,high_volatility,0
2020-11-05,324.6663818359375,0.019314989660765634,0.2236153503842654,27.57999992370605,3.3170908695988777,3.5635289916886786e-08,0.9999999643641793,high_volatility,0
2020-11-06,324.59222412109375,-0.00022843814309380002,0.22164433309989898,24.860000610351566,3.213260110634116,5.253475597208196e-06,0.9999947465250195,high_volatility,0
2020-11-09,328.6708984375,0.012487241893216854,0.21875087802715332,25.749999999999996,3.248434627109745,1.0017852165202172e-06,0.9999989982139157,high_volatility,0
2020-11-10,328.18890380859375,-0.0014675725741378964,0.21738039067597714,24.79999923706055,3.2108436224072485,7.5856360258547015e-06,0.9999924143645641,high_volatility,0
2020-11-11,330.6268310546875,0.007400971910868873,0.21708841928515493,23.45000076293945,3.1548705274270192,7.026742850245872e-06,0.9999929732577079,high_volatility,0
2020-11-12,327.4195251464844,-0.009748040622377952,0.2204528687829017,25.350000381469723,3.2327787450853074,2.0311136929761174e-06,0.9999979688857529,high_volatility,0
2020-11-13,331.9524841308594,0.013749538449582453,0.2250668599140453,23.100000381469727,3.1398326340415887,1.1328902735062182e-06,0.9999988671103943,high_volatility,0
2020-11-16,336.0960388183594,0.012405110352131729,0.21896604204953962,22.450000762939457,3.111290648172203,3.255822030855614e-06,0.9999967441779769,high_volatility,0
2020-11-17,334.28851318359375,-0.005392516905373637,0.22088101472625365,22.709999084472656,3.1228053158036246,6.997305238862605e-06,0.999993002694207,high_volatility,0
2020-11-18,330.26531982421875,-0.012108101139398121,0.22645017242301932,23.84000015258789,3.171364848597648,9.377096200962372e-07,0.9999990622895742,high_volatility,0
2020-11-19,331.6558532714844,0.004201513864013963,0.22623236837509184,23.110000610351562,3.1402654506970014,5.121783121697337e-06,0.9999948782173502,high_volatility,0
2020-11-20,329.3847351074219,-0.0068713695952165536,0.22824448391766253,23.700000762939453,3.165475080332623,4.339682378013109e-06,0.9999956603172482,high_volatility,0
2020-11-23,331.3591613769531,0.005976391630072374,0.21601512323774205,22.659999847412106,3.120601248866061,0.0001556522729280133,0.9998443477276512,high_volatility,0
2020-11-24,336.6985778808594,0.015985235667749287,0.21978510779390426,21.639999389648434,3.0745434257734945,0.0023328379859545206,0.9976671620146963,high_volatility,0
2020-11-25,336.1794738769531,-0.0015429366600204712,0.16858381790303073,21.25,3.056356895370426,0.2597976113354107,0.7402023886641974,high_volatility,0
2020-11-27,337.1157531738281,0.0027811868041486207,0.16777288085541334,20.84000015258789,3.036874224207042,0.38231745361473607,0.6176825463847395,high_volatility,0
2020-11-30,335.6232604980469,-0.004437070228071159,0.16170640750368856,20.56999969482422,3.0238336888289017,0.4353157671341365,0.5646842328663941,high_volatility,0
2020-12-01,339.29412841796875,0.010878084277527319,0.16157777679486937,20.77000045776367,3.0335096599276774,0.4500345088523369,0.5499654911468731,high_volatility,0
2020-12-02,340.0079040527344,0.0021014979002974927,0.15507889110218095,21.17000007629395,3.0525850887506447,0.4715372647383525,0.5284627352622645,high_volatility,0
2020-12-03,339.91522216796875,-0.0002726246005334401,0.14084776657136838,21.280000686645504,3.057767696740619,0.47576370043909033,0.5242362995603738,high_volatility,0
2020-12-04,342.8445129394531,0.008580789388900792,0.12930047164852762,20.790000915527344,3.03447214590683,0.46490441249632297,0.5350955875031682,high_volatility,0
2020-12-07,342.1400146484375,-0.0020569765039795272,0.13001516927602827,21.299999237060543,3.058707036896625,0.4531523913757668,0.5468476086243848,high_volatility,0
2020-12-08,343.14111328125,0.0029217187053973185,0.12472496020263499,20.680000305175778,3.0291670643972775,0.4149028609982299,0.585097139001963,high_volatility,0
2020-12-09,340.0635681152344,-0.009009206364476201,0.13037448601514506,22.270000457763675,3.1032405018244478,0.31076078106922944,0.6892392189308054,high_volatility,0
2020-12-10,339.95233154296875,-0.0003271587423579685,0.12882994265133577,22.520000457763675,3.1144038235984732,0.20546522125722178,0.7945347787429261,high_volatility,0
2020-12-11,339.5537414550781,-0.0011731760743457478,0.12243359634533235,23.309999465942383,3.1488824301365708,0.08550109161423944,0.9144989083860887,high_volatility,0
2020-12-14,338.03350830078125,-0.004487202808692014,0.11579843394417548,24.71999931335449,3.2076126048125677,0.014724756999357701,0.9852752430014355,high_volatility,0
2020-12-15,342.603515625,0.013428819885988902,0.11719512759972071,22.88999938964844,3.1307001072999245,0.000943432688400236,0.9990565673110877,high_volatility,0
2020-12-16,343.14111328125,0.001567924103882921,0.11477132336316154,22.499999999999996,3.1135153092103742,0.0006449211640312084,0.999355078835483,high_volatility,0
2020-12-17,345.0599365234375,0.005576359451952855,0.10401909853297088,21.930000305175785,3.087855576345701,0.00036137163362626,0.9996386283670415,high_volatility,0
2020-12-18,343.6822509765625,-0.004000589507463685,0.10597273447545215,21.569999694824222,3.0713034462529065,0.0003915305293563729,0.9996084694698376,high_volatility,0
2020-12-21,342.45330810546875,-0.003582219778604087,0.10301273771407894,25.159999847412113,3.2252554257675383,4.296409775563216e-05,0.9999570359021444,high_volatility,0
2020-12-22,341.8761901855469,-0.0016866671922831594,0.1026262404943716,24.22999954223633,3.1875915159360004,2.7909184843473298e-05,0.9999720908146857,high_volatility,0
2020-12-23,342.1833801269531,0.000898138043490881,0.08733857586956509,23.309999465942383,3.1488824301365708,1.5717945693414748e-05,0.9999842820541932,high_volatility,0
2020-12-24,343.5146179199219,0.0038828740037667917,0.08752491221040176,21.53000068664551,3.0694473432687706,3.817731713002796e-05,0.9999618226823201,high_volatility,0
2020-12-28,346.4656677246094,0.008554064110484018,0.0913298750025492,21.700000762939457,3.0773122957049135,1.836950288102775e-05,0.9999816304966872,high_volatility,0
2020-12-29,345.8046875,-0.0019096019943095266,0.08962392143419932,23.07999992370606,3.138966438334269,2.453082057594984e-05,0.9999754691787777,high_volatility,0
2020-12-30,346.29815673828125,0.001425999982548292,0.08249457039792565,22.77000045776367,3.1254439001794543,1.3090261977701077e-05,0.9999869097375306,high_volatility,0
2020-12-31,348.05755615234375,0.00506772867793071,0.083673068291592,22.75,3.1245651453969594,7.265705960254296e-06,0.9999927342933206,high_volatility,0
2021-01-04,343.3191223144531,-0.013707456959417027,0.09894198071041901,26.969999313354496,3.294725111692035,1.492549017416954e-06,0.9999985074511867,high_volatility,0
2021-01-05,345.6837463378906,0.006863928772512589,0.09725512132053105,25.34000015258789,3.2323841809146145,1.6954291071592277e-06,0.999998304570527,high_volatility,0
2021-01-06,347.7502746582031,0.005960291464033128,0.09870811642754763,25.069999694824222,3.221671899997255,2.9574679384691445e-06,0.9999970425313299,high_volatility,0
2021-01-07,352.91705322265625,0.014748431997242427,0.11030477077351668,22.370000839233402,3.107720813018059,5.671819623663865e-06,0.9999943281797509,high_volatility,0
2021-01-08,354.9278564453125,0.0056814949267746445,0.10405906421656823,21.559999465942383,3.0708397212700347,8.853546979847582e-05,0.9999114645302429,high_volatility,0
2021-01-11,352.5353698730469,-0.0067635902583865325,0.10849586777102685,24.079999923706055,3.181381617272267,6.767340701779161e-05,0.9999323265927386,high_volatility,0
2021-01-12,352.6098327636719,0.0002111987449488748,0.10810034513419421,23.32999992370606,3.149740082763131,9.32932640582182e-05,0.999906706735756,high_volatility,0
2021-01-13,353.5594482421875,0.002689485585014418,0.10545746859935824,22.209999084472656,3.100542596684933,0.00012121826132859418,0.9998787817391454,high_volatility,0
2021-01-14,352.3211669921875,-0.0035084757775848486,0.09854593515499854,23.250000000000004,3.1463051320333655,6.416027488768248e-05,0.9999358397246297,high_volatility,0
2021-01-15,349.75189208984375,-0.007319142470247722,0.10327875129921303,24.340000152587887,3.1921210938283986,3.0191763904104957e-05,0.999969808236652,high_volatility,0
2021-01-19,352.4981689453125,0.007821404391341533,0.10490602907492824,23.239999771118168,3.1458749221350946,1.727706655233027e-05,0.999982722933148,high_volatility,0
2021-01-20,357.376220703125,0.013743638627706748,0.11219412387571422,21.57999992370606,3.071766956294588,5.012445429601311e-05,0.9999498755453589,high_volatility,0
2021-01-21,357.7021179199219,0.0009115008014038684,0.1103724726058162,21.31999969482422,3.0596455849835826,0.0005672985920764961,0.99943270140792,high_volatility,0
2021-01-22,356.43603515625,-0.003545767957362973,0.11142814227211838,21.909999847412113,3.0869431466430717,0.0005785228064942768,0.9994214771941361,high_volatility,0
2021-01-25,357.8416748046875,0.0039358402015892404,0.11152057263965634,23.19000053405762,3.1437211742970916,0.0002063215630128541,0.9997936784362064,high_volatility,0
2021-01-26,357.2831726074219,-0.001561971487461097,0.11212802259691375,23.02000045776367,3.136363423179213,0.0001501494039014681,0.9998498505969104,high_volatility,0
2021-01-27,348.55096435546875,-0.024744209251098857,0.1439556269233191,37.20999908447266,3.616577517754195,7.261185802658968e-09,0.9999999927385943,high_volatility,0
2021-01-28,351.5485534667969,0.00856337521484386,0.14659936205195026,30.209999084472653,3.40817296509314,7.521905302486225e-07,0.9999992478099657,high_volatility,0
2021-01-29,344.5107116699219,-0.02022265055526004,0.16447083517660532,33.09000015258789,3.49923112654482,1.2849091224153923e-07,0.9999998715084157,high_volatility,0
2021-02-01,350.2452697753906,0.01650849649328317,0.17411596947351898,30.239999771118168,3.4091655437424886,5.444977501303371e-07,0.9999994555020412,high_volatility,0
2021-02-02,355.1977844238281,0.014041093707939371,0.172330895109974,25.559999465942386,3.241028608615061,0.0008002232089741558,0.9991997767901972,high_volatility,0
2021-02-03,355.47711181640625,0.000786090541370831,0.1712628285455764,22.909999847412106,3.1315734898050858,0.0462431356023806,0.9537568643981919,high_volatility,0
2021-02-04,359.5174255371094,0.011301783483391413,0.1741753472748645,21.770000457763675,3.080532896273726,0.09881001012807715,0.9011899898714733,high_volatility,0
2021-02-05,360.9324645996094,0.003928214582246489,0.16750132697326114,20.870000839233395,3.0383127613015377,0.275447488842746,0.7245525111579176,high_volatility,0
2021-02-08,363.5390625,0.007195891213202106,0.16813303257383394,21.239999771118168,3.0558861855977573,0.36115653123527464,0.6388434687645619,high_volatility,0
2021-02-09,363.2969665527344,-0.000666163884402183,0.1656784319594165,21.6299991607666,3.074081201165457,0.44054591465280313,0.5594540853479416,high_volatility,0
2021-02-10,363.138671875,-0.00043581198902197617,0.16576126408658226,21.989999771118168,3.090587794158219,0.4816249971843761,0.5183750028160837,high_volatility,0
2021-02-11,363.72515869140625,0.0016137463965582499,0.16570036616706135,21.25,3.056356895370426,0.5065536058516042,0.493446394147544,high_volatility,0
2021-02-12,365.52191162109375,0.00492770321225808,0.16507888583723287,19.969999313354492,2.994231113043872,0.5156414310274623,0.4843585689728812,high_volatility,0
2021-02-16,365.20538330078125,-0.0008663378042929774,0.16188906232545058,21.45999908447266,3.0661906945405133,0.5088477119105427,0.4911522880892655,high_volatility,0
2021-02-17,365.2891540527344,0.00022935353527436185,0.1606067827777143,21.499999999999996,3.068052935133617,0.4862937476073659,0.5137062523923305,high_volatility,0
2021-02-18,363.73443603515625,-0.004265212801543741,0.15545697021100996,22.489999771118168,3.1130707557941752,0.4332480904817859,0.5667519095189116,high_volatility,0
2021-02-19,363.0921630859375,-0.0017673351998187337,0.1557407301311059,22.049999237060543,3.0933125672924255,0.3583984818670554,0.6416015181338245,high_volatility,0
2021-02-22,360.2993469238281,-0.007721489675835379,0.15795714954719425,23.45000076293945,3.1548705274270192,0.2188779942000937,0.7811220057995684,high_volatility,0
2021-02-23,360.7369689941406,0.0012138698547824217,0.15747556184872577,23.110000610351562,3.1402654506970014,0.1291106389988746,0.8708893610015137,high_volatility,0
2021-02-24,364.71197509765625,0.010958857733151667,0.16162074854998434,21.340000152587887,3.06058325302393,0.04404511617709132,0.955954883823106,high_volatility,0
2021-02-25,355.92401123046875,-0.024390676282164507,0.16087617053248437,28.88999938964844,3.3634954933514023,3.539122487422994e-05,0.999964608775014,high_volatility,0
2021-02-26,354.0900573730469,-0.005165976329554409,0.1597456329418407,27.950000762939453,3.3304172268976893,1.911006153768167e-05,0.9999808899381336,high_volatility,0
2021-03-01,362.6732482910156,0.023951006305730015,0.16120477488676918,23.350000381469723,3.1505970004519392,2.5668703670873835e-07,0.9999997433133433,high_volatility,0
2021-03-02,359.8432312011719,-0.007833818723952779,0.15637165758330623,24.10000038146973,3.1822118563252286,8.784112087447785e-05,0.9999121588791228,high_volatility,0
2021-03-03,355.07684326171875,-0.013334241776892379,0.15709888881473721,26.67000007629395,3.2835393410545883,1.6182280178044775e-05,0.9999838177190795,high_volatility,0
2021-03-04,350.6828918457031,-0.012451852862407742,0.16311378401864948,28.569999694824222,3.3523572055609954,5.990652252095292e-06,0.9999940093473284,high_volatility,0
2021-03-05,357.1341552734375,0.01822912318865545,0.1715001234988411,24.659999847412113,3.2051824915485305,1.925619294457213e-06,0.9999980743814726,high_volatility,0
2021-03-08,355.3561096191406,-0.004991083900987655,0.17148349519226044,25.469999313354492,3.237501262032374,0.00013377580600456941,0.9998662241935463,high_volatility,0
2021-03-09,360.42974853515625,0.014176653064226111,0.17747465568196374,24.03000068664551,3.1793030783228886,0.00042678058855024384,0.9995732194110513,high_volatility,0
2021-03-10,362.6732482910156,0.006205221011358901,0.179022439834658,22.559999465942386,3.1161784029570914,0.00954323249770201,0.9904567675030463,high_volatility,0
2021-03-11,366.3504333496094,0.010088057045061903,0.18261114388969138,21.909999847412113,3.0869431466430717,0.02817125271409455,0.9718287472859929,high_volatility,0
2021-03-12,366.84375,0.0013456645893694542,0.18259077362982692,20.690000534057614,3.029650517569806,0.09303988500628754,0.906960114993696,high_volatility,0
2021-03-15,369.0315246582031,0.0059460649906253665,0.1829591216950695,20.03000068664551,2.9972311839585806,0.13568018041140953,0.8643198195891257,high_volatility,0
2021-03-16,368.5660095214844,-0.001262247165844986,0.18300309086319405,19.79000091552734,2.9851768058765926,0.16577428109469008,0.8342257189059328,high_volatility,0
2021-03-17,369.8227844238281,0.003404103979547221,0.1832972234075826,19.229999542236328,2.956471535796025,0.17842539894369175,0.8215746010554098,high_volatility,0
2021-03-18,364.4421081542969,-0.014656216413935207,0.19053599940699237,21.57999992370606,3.071766956294588,0.17981648170507647,0.8201835182951696,high_volatility,0
2021-03-19,363.7677307128906,-0.0018521519435691477,0.1905472451907649,20.950000762939457,3.042138682785304,0.24855264351148346,0.751447356489237,high_volatility,0
2021-03-22,366.67236328125,0.007953144693638245,0.19014424430936805,18.879999160766598,2.938103116266432,0.3268829800797316,0.6731170199195898,high_volatility,0
2021-03-23,363.786376953125,-0.007901887364342825,0.19266634371665395,20.299999237060547,3.0106208484645167,0.39191800947079475,0.608081990529711,high_volatility,0
2021-03-24,361.9370422363281,-0.005096538628598844,0.1894208879453983,21.200000762939453,3.054001217665676,0.5220311332108586,0.47796886678991,high_volatility,0
2021-03-25,363.97320556640625,0.00560997361969486,0.16767350701358363,19.809999465942383,2.986186833751468,0.713415035071012,0.2865849649282678,normal,0
2021-03-26,369.8385925292969,0.01598642020617093,0.17385612758528612,18.86000061035156,2.9370433095675357,0.7786611246560451,0.22133887534467633,normal,0
2021-03-29,369.65179443359375,-0.0005052076483195823,0.15373930415032586,20.739999771118164,3.032064191765613,0.9474284601529809,0.052571539846886055,normal,1
2021-03-30,368.6711730957031,-0.0026563494775007756,0.15088658894220497,19.610000610351566,2.9760396713327606,0.9924614048841954,0.0075385951155496995,normal,1
2021-03-31,370.1654968261719,0.004045077427512533,0.14094892818830743,19.399999618530277,2.9652730464058945,0.998831219687588,0.001168780312333436,normal,1
2021-04-01,374.16290283203125,0.01074107729758992,0.1330543892857591,17.329999923706055,2.8524390993250943,0.9997842806974097,0.00021571930302486335,normal,1
2021-04-05,379.5332946777344,0.014251054347063318,0.1277544831409094,17.90999984741211,2.885359207552917,0.9998265053471015,0.00017349465265841524,normal,1
2021-04-06,379.30914306640625,-0.0005907724889867167,0.1250103112752521,18.120000839233402,2.8970163469301413,0.9999822309451534,1.7769054536602002e-05,normal,1
2021-04-07,379.7481384277344,0.0011566858548781047,0.11829521659214197,17.15999984741211,2.842581085167748,0.9999941234736844,5.8765262076106085e-06,normal,1
2021-04-08,381.5506896972656,0.004735471989209192,0.1178169390051094,16.950000762939457,2.8302678788376356,0.9999934237964909,6.576203271438672e-06,normal,1
2021-04-09,384.32464599609375,0.007243916339020557,0.11581482341985824,16.690000534057617,2.814809769672402,0.9999920253603357,7.974639833476798e-06,normal,1
2021-04-12,384.46478271484375,0.00036456463907707127,0.11598494268225096,16.90999984741211,2.827905153886959,0.9999954233949346,4.576605402292354e-06,normal,1
2021-04-13,385.6043395996094,0.002959624489702648,0.11523747018759817,16.649999618530273,2.812410193515358,0.9999955973004547,4.4027002437878765e-06,normal,1
2021-04-14,384.2872619628906,-0.0034214658762396085,0.11634655753632847,16.98999977111816,2.8326249222122786,0.9999949840037807,5.015997022151513e-06,normal,1
2021-04-15,388.41552734375,0.010685362385947953,0.12024404093359761,16.569999694824215,2.8075938130211036,0.9999863881620157,1.3611837903424513e-05,normal,1
2021-04-16,389.7137145996094,0.003336691105619197,0.10184315016127748,16.25,2.7880929087757464,0.9999951631970011,4.836803009537177e-06,normal,1
2021-04-19,387.79913330078125,-0.004924896543591098,0.10447581359546702,17.290000915527344,2.850128352646461,0.9999909632178017,9.036782896926927e-06,normal,1
2021-04-20,384.9598083496094,-0.007348572951920442,0.10924984999661189,18.680000305175778,2.9274534491377295,0.999971468023023,2.853197780901327e-05,normal,1
2021-04-21,388.602294921875,0.009417507599364761,0.10472228827575084,17.500000000000004,2.8622008809294686,0.9999564655572192,4.3534442934973984e-05,normal,1
2021-04-22,385.0531005859375,-0.009175194163571649,0.1099306317109287,18.709999084472653,2.9290580913534825,0.9999600154651059,3.998453426485681e-05,normal,1
2021-04-23,389.22808837890625,0.01078426885514363,0.1129920579825315,17.329999923706055,2.8524390993250943,0.9999623289151568,3.767108561691458e-05,normal,1
2021-04-26,390.04052734375,0.0020851327586164205,0.10268395686137137,17.639999389648438,2.870169015978216,0.9999849851191738,1.5014880748120108e-05,normal,1
2021-04-27,389.95654296875,-0.00021534536095349545,0.1025705737392469,17.559999465942383,2.865623557793666,0.999989136048394,1.086395106968387e-05,normal,1
2021-04-28,389.84442138671875,-0.0002875646169444664,0.10127442476395426,17.280000686645504,2.8495498031123385,0.9999903493964679,9.650604355202609e-06,normal,1
2021-04-29,392.328857421875,0.006352670073771136,0.10198185705578765,17.61000061035156,2.8684669571674872,0.9999729719489664,2.7028050953858492e-05,normal,1
2021-04-30,389.75103759765625,-0.006592239938969584,0.10287907493353193,18.610000610351566,2.9236991034511264,0.9999547184954839,4.528150465657492e-05,normal,1
2021-05-03,390.5916442871094,0.002154456071978798,0.09224881084917748,18.30999946594238,2.907447329518881,0.9998640474296858,0.0001359525694808131,normal,1
2021-05-04,388.1820373535156,-0.006188228184608434,0.09594559547963154,19.479999542236328,2.969388274715227,0.9994627134025594,0.0005372865969254968,normal,1
2021-05-05,388.303466796875,0.000312766802986602,0.09599228528506995,19.149999618530277,2.952302695706565,0.9984188332061245,0.001581166793941181,normal,1
2021-05-06,391.4042053222656,0.00795363437449154,0.09825561937894564,18.389999389648438,2.911807005426911,0.9945741894374583,0.0054258105622874,normal,1
2021-05-07,394.2529296875,0.007251857642938403,0.09826202185052527,16.690000534057617,2.814809769672402,0.9848065001344976,0.015193499866237935,normal,1
2021-05-10,390.3487854003906,-0.009951995859570156,0.10604564914589076,19.65999984741211,2.978586106957683,0.8508830687830712,0.14911693121738684,normal,1
2021-05-11,386.8650207519531,-0.008964812391961535,0.11109164113597852,21.840000152587887,3.083743157863329,0.50144132132951,0.49855867867001813,normal,1
2021-05-12,378.64605712890625,-0.021473966068347533,0.1347745453235392,27.59000015258789,3.3174533937597452,0.21762952938381067,0.7823704706170184,normal,1
2021-05-13,383.19451904296875,0.011940860335030272,0.13625170521194166,23.1299991607666,3.141130439960018,0.2453975019717468,0.7546024980275742,normal,1
2021-05-14,389.07867431640625,0.015238827898535626,0.14702566086950639,18.809999465942383,2.934388614920721,0.533648258038325,0.4663517419613685,normal,1
2021-05-17,388.088623046875,-0.0025478473128470727,0.14622703202412926,19.719999313354492,2.981633314354737,0.8869561540351885,0.11304384596480642,normal,1
2021-05-18,384.7449035644531,-0.008653196921356502,0.14717130475776596,21.340000152587887,3.06058325302393,0.9363058055420699,0.06369419445825202,normal,1
2021-05-19,383.7362365722656,-0.002625093886480837,0.14307129593037768,22.180000305175778,3.099190995681273,0.963501254977264,0.03649874502182686,normal,1
2021-05-20,387.8644104003906,0.01070038816925033,0.14471234422341922,20.67000007629394,3.028683377384724,0.9784918916554723,0.021508108344539777,normal,1
2021-05-21,387.5469970703125,-0.0008186966164006073,0.1393940843870011,20.149999618530273,3.003204269461192,0.9961678837515208,0.0038321162492603827,normal,1
2021-05-24,391.4976501464844,0.010142389031389105,0.1440159858295472,18.39999961853027,2.9123506438828892,0.9992175361780725,0.0007824638221484411,normal,1
2021-05-25,390.6289978027344,-0.0022212584194330576,0.14426600983195875,18.840000152587894,2.935982277247362,0.9999230767399925,7.692325913520043e-05,normal,1
2021-05-26,391.4042053222656,0.0019825443992535228,0.14441298525796875,17.360000610351566,2.854168744390704,0.9999906307005039,9.369299180132636e-06,normal,1
2021-05-27,391.60968017578125,0.0005248306882868691,0.1425898009974355,16.73999977111816,2.817801051388579,0.999995593267773,4.406732027749276e-06,normal,1
2021-05-28,392.31024169921875,0.0017873297779190814,0.14061174327901949,16.760000228881836,2.818995108710371,0.9999955542815456,4.44571791799798e-06,normal,1
2021-06-01,391.96466064453125,-0.0008812753691873562,0.14050138746538066,17.899999618530277,2.8848006915355513,0.9999916882479558,8.311751854489587e-06,normal,1
2021-06-02,392.5810241699219,0.001571262615118028,0.1385259582661816,17.47999954223633,2.861057344039536,0.9999930875640243,6.912435097877431e-06,normal,1
2021-06-03,391.1240234375,-0.003718241742846726,0.139359181551182,18.040000915527344,2.892591565384329,0.9999901263941819,9.873606283776244e-06,normal,1
2021-06-04,394.70123291015625,0.009104401146022217,0.14024767442123956,16.420000076293945,2.7985001086706855,0.9999916535019097,8.346498740143488e-06,normal,1
2021-06-07,394.3182067871094,-0.0009708915493426317,0.13795308790899546,16.420000076293945,2.7985001086706855,0.9999966661817873,3.3338188470266392e-06,normal,1
2021-06-08,394.40234375,0.0002133505032992282,0.1328430897561151,17.069999694824215,2.8373225189284472,0.999995302923825,4.6970755721940826e-06,normal,1
2021-06-09,393.8138427734375,-0.001493247908320533,0.12834146997360918,17.88999938964844,2.884241863403715,0.9999922099590203,7.790041276180953e-06,normal,1
2021-06-10,395.6445007324219,0.00463776526101436,0.09783687451985203,16.10000038146973,2.778819295684189,0.9999946783751229,5.3216254536844694e-06,normal,1
2021-06-11,396.29827880859375,0.0016510743997688,0.09080858055363776,15.649999618530275,2.7504708926110997,0.9999962443105272,3.755690131437131e-06,normal,1
2021-06-14,397.1855773925781,0.0022364637840798876,0.07550025719283089,16.389999389648438,2.796671355516472,0.9999751548688065,2.4845131225801523e-05,normal,1
2021-06-15,396.4570007324219,-0.0018360327051701885,0.0750939140128659,17.02000045776367,2.8343891500408605,0.9998791742859348,0.00012082571465189354,normal,1
2021-06-16,394.2435607910156,-0.005598695209978801,0.07049186278338088,18.149999618530277,2.898670539693244,0.9991773611718284,0.0008226388286663586,normal,1
2021-06-17,394.11279296875,-0.00033174800416408193,0.06929281696347168,17.749999999999996,2.8763855159214247,0.997968626474511,0.0020313735258353843,normal,1
2021-06-18,388.7960510253906,-0.013582229192042683,0.07872691153139777,20.700000762939457,3.0301337371283013,0.9949965663281876,0.005003433670905882,normal,1
2021-06-21,394.3619689941406,0.014214274872402574,0.09311873134693475,17.88999938964844,2.884241863403715,0.9962483310317931,0.003751668968864693,normal,1
2021-06-22,396.4703674316406,0.005332112347413344,0.08820263202899019,16.65999984741211,2.8130106275797595,0.9996947054390101,0.0003052945605710906,normal,1
2021-06-23,395.9925537109375,-0.0012058956093911593,0.0878400236051569,16.31999969482422,2.7923913308364643,0.9999837224492368,1.6277551504065865e-05,normal,1
2021-06-24,398.3351745605469,0.005898390697122424,0.089689366651918,15.970000267028809,2.7707119789475727,0.9999916958148889,8.304185424053741e-06,normal,1
2021-06-25,399.75,0.003545553699512499,0.09017141248659856,15.619999885559086,2.748552137084977,0.9999959382467476,4.061752743263041e-06,normal,1
2021-06-28,400.5558776855469,0.00201392487646576,0.09020028040892385,15.760000228881838,2.757475098952692,0.9999960954941172,3.904506044912119e-06,normal,1
2021-06-29,400.7713928222656,0.0005378954388471917,0.0899396455310969,16.020000457763672,2.773837970214724,0.9999954993082938,4.5006925302760605e-06,normal,1
2021-06-30,401.1087646484375,0.0008414520372773822,0.08992741566801074,15.829999923706053,2.761906869073341,0.9999961095712213,3.8904290642301274e-06,normal,1
